INSERT INTO course(no,name,tno,startweek,endweek,dayofweek,lesson,classroom,type,state) VALUES(100001,'高等数学C',200014,12,13,5,4,'A203',1,1);
INSERT INTO course(no,name,tno,startweek,endweek,dayofweek,lesson,classroom,type,state) VALUES(100002,'高等数学A',200015,2,13,2,3,'C302',1,0);
INSERT INTO course(no,name,tno,startweek,endweek,dayofweek,lesson,classroom,type,state) VALUES(100003,'高等数学D',200045,12,18,6,4,'C302',1,0);
INSERT INTO course(no,name,tno,startweek,endweek,dayofweek,lesson,classroom,type,state) VALUES(100004,'高等数学F',200002,11,16,4,2,'F203',0,1);
INSERT INTO course(no,name,tno,startweek,endweek,dayofweek,lesson,classroom,type,state) VALUES(100005,'高等数学E',200014,5,17,7,1,'A101',1,1);
INSERT INTO course(no,name,tno,startweek,endweek,dayofweek,lesson,classroom,type,state) VALUES(100006,'高等数学A',200032,9,12,4,1,'B402',1,0);
INSERT INTO course(no,name,tno,startweek,endweek,dayofweek,lesson,classroom,type,state) VALUES(100007,'高等数学E',200042,7,16,7,1,'C203',0,0);
INSERT INTO course(no,name,tno,startweek,endweek,dayofweek,lesson,classroom,type,state) VALUES(100008,'高等数学B',200033,1,17,5,3,'A502',1,0);
INSERT INTO course(no,name,tno,startweek,endweek,dayofweek,lesson,classroom,type,state) VALUES(100009,'高等数学A',200010,9,18,3,1,'B502',0,2);
INSERT INTO course(no,name,tno,startweek,endweek,dayofweek,lesson,classroom,type,state) VALUES(100010,'高等数学D',200015,8,18,2,4,'A101',0,2);
INSERT INTO course(no,name,tno,startweek,endweek,dayofweek,lesson,classroom,type,state) VALUES(100011,'高等数学C',200035,10,16,6,4,'B302',1,3);
INSERT INTO course(no,name,tno,startweek,endweek,dayofweek,lesson,classroom,type,state) VALUES(100012,'高等数学E',200022,8,11,5,1,'B502',0,2);
INSERT INTO course(no,name,tno,startweek,endweek,dayofweek,lesson,classroom,type,state) VALUES(100013,'高等数学A',200027,5,16,3,1,'D101',1,2);
INSERT INTO course(no,name,tno,startweek,endweek,dayofweek,lesson,classroom,type,state) VALUES(100014,'高等数学F',200001,7,11,3,2,'B502',1,3);
INSERT INTO course(no,name,tno,startweek,endweek,dayofweek,lesson,classroom,type,state) VALUES(100015,'高等数学F',200017,6,18,7,4,'D203',0,0);
INSERT INTO course(no,name,tno,startweek,endweek,dayofweek,lesson,classroom,type,state) VALUES(100016,'高等数学G',200050,8,18,6,1,'A203',0,2);
INSERT INTO course(no,name,tno,startweek,endweek,dayofweek,lesson,classroom,type,state) VALUES(100017,'高等数学G',200014,7,18,4,4,'A302',1,1);
INSERT INTO course(no,name,tno,startweek,endweek,dayofweek,lesson,classroom,type,state) VALUES(100018,'高等数学F',200023,2,16,3,1,'F502',1,1);
INSERT INTO course(no,name,tno,startweek,endweek,dayofweek,lesson,classroom,type,state) VALUES(100019,'高等数学D',200033,10,14,5,3,'C502',1,0);
INSERT INTO course(no,name,tno,startweek,endweek,dayofweek,lesson,classroom,type,state) VALUES(100020,'高等数学A',200042,2,10,7,4,'B203',1,2);
INSERT INTO course(no,name,tno,startweek,endweek,dayofweek,lesson,classroom,type,state) VALUES(100021,'高等数学C',200004,11,16,5,1,'A402',1,1);
INSERT INTO course(no,name,tno,startweek,endweek,dayofweek,lesson,classroom,type,state) VALUES(100022,'高等数学E',200008,8,16,6,4,'C402',0,3);
INSERT INTO course(no,name,tno,startweek,endweek,dayofweek,lesson,classroom,type,state) VALUES(100023,'高等数学F',200019,2,13,6,3,'D101',1,2);
INSERT INTO course(no,name,tno,startweek,endweek,dayofweek,lesson,classroom,type,state) VALUES(100024,'高等数学F',200014,8,15,1,1,'D402',1,3);
INSERT INTO course(no,name,tno,startweek,endweek,dayofweek,lesson,classroom,type,state) VALUES(100025,'高等数学F',200031,5,14,7,1,'F402',1,0);
INSERT INTO course(no,name,tno,startweek,endweek,dayofweek,lesson,classroom,type,state) VALUES(100026,'高等数学G',200023,2,15,6,1,'A502',1,3);
INSERT INTO course(no,name,tno,startweek,endweek,dayofweek,lesson,classroom,type,state) VALUES(100027,'高等数学D',200020,3,16,2,2,'A203',0,0);
INSERT INTO course(no,name,tno,startweek,endweek,dayofweek,lesson,classroom,type,state) VALUES(100028,'高等数学F',200006,8,18,7,2,'F302',0,0);
INSERT INTO course(no,name,tno,startweek,endweek,dayofweek,lesson,classroom,type,state) VALUES(100029,'高等数学G',200036,8,13,1,3,'D302',0,0);
INSERT INTO course(no,name,tno,startweek,endweek,dayofweek,lesson,classroom,type,state) VALUES(100030,'高等数学A',200010,5,18,4,3,'A302',1,3);
INSERT INTO course(no,name,tno,startweek,endweek,dayofweek,lesson,classroom,type,state) VALUES(100031,'高等数学G',200013,11,16,4,4,'B101',1,3);
INSERT INTO course(no,name,tno,startweek,endweek,dayofweek,lesson,classroom,type,state) VALUES(100032,'高等数学B',200050,6,15,7,4,'B203',1,1);
INSERT INTO course(no,name,tno,startweek,endweek,dayofweek,lesson,classroom,type,state) VALUES(100033,'高等数学E',200035,11,15,6,1,'C101',0,2);
INSERT INTO course(no,name,tno,startweek,endweek,dayofweek,lesson,classroom,type,state) VALUES(100034,'高等数学C',200010,3,12,5,4,'C101',0,2);
INSERT INTO course(no,name,tno,startweek,endweek,dayofweek,lesson,classroom,type,state) VALUES(100035,'高等数学G',200005,10,17,3,2,'B203',1,3);
INSERT INTO course(no,name,tno,startweek,endweek,dayofweek,lesson,classroom,type,state) VALUES(100036,'高等数学G',200026,8,13,2,3,'A302',0,2);
INSERT INTO course(no,name,tno,startweek,endweek,dayofweek,lesson,classroom,type,state) VALUES(100037,'高等数学C',200019,7,18,6,3,'B502',1,2);
INSERT INTO course(no,name,tno,startweek,endweek,dayofweek,lesson,classroom,type,state) VALUES(100038,'高等数学F',200036,10,16,3,1,'E402',1,3);
INSERT INTO course(no,name,tno,startweek,endweek,dayofweek,lesson,classroom,type,state) VALUES(100039,'高等数学B',200038,4,17,5,1,'E402',1,1);
INSERT INTO course(no,name,tno,startweek,endweek,dayofweek,lesson,classroom,type,state) VALUES(100040,'高等数学B',200030,11,13,4,1,'D402',1,0);
INSERT INTO course(no,name,tno,startweek,endweek,dayofweek,lesson,classroom,type,state) VALUES(100041,'高等数学E',200006,1,14,7,4,'C502',1,3);
INSERT INTO course(no,name,tno,startweek,endweek,dayofweek,lesson,classroom,type,state) VALUES(100042,'高等数学B',200022,8,14,4,1,'C203',1,3);
INSERT INTO course(no,name,tno,startweek,endweek,dayofweek,lesson,classroom,type,state) VALUES(100043,'高等数学E',200049,7,15,5,2,'B402',0,0);
INSERT INTO course(no,name,tno,startweek,endweek,dayofweek,lesson,classroom,type,state) VALUES(100044,'高等数学G',200027,1,15,6,3,'F502',1,0);
INSERT INTO course(no,name,tno,startweek,endweek,dayofweek,lesson,classroom,type,state) VALUES(100045,'高等数学E',200026,9,18,2,4,'B302',1,2);
INSERT INTO course(no,name,tno,startweek,endweek,dayofweek,lesson,classroom,type,state) VALUES(100046,'高等数学B',200049,11,16,7,3,'A203',1,2);
INSERT INTO course(no,name,tno,startweek,endweek,dayofweek,lesson,classroom,type,state) VALUES(100047,'高等数学F',200015,12,10,7,1,'C302',0,2);
INSERT INTO course(no,name,tno,startweek,endweek,dayofweek,lesson,classroom,type,state) VALUES(100048,'高等数学C',200048,7,12,2,4,'C203',0,3);
INSERT INTO course(no,name,tno,startweek,endweek,dayofweek,lesson,classroom,type,state) VALUES(100049,'高等数学B',200024,8,10,4,1,'D203',1,3);
INSERT INTO course(no,name,tno,startweek,endweek,dayofweek,lesson,classroom,type,state) VALUES(100050,'高等数学D',200021,8,13,5,4,'B502',1,1);
INSERT INTO teacher(no,name,age,gender,phone,office) VALUES(200001,'宦义',43,'男','153066','新浦路68号-2-5');
INSERT INTO teacher(no,name,age,gender,phone,office) VALUES(200002,'乔宏飞',40,'男','150014','中川路95号-19-4');
INSERT INTO teacher(no,name,age,gender,phone,office) VALUES(200003,'仉生心',47,'男','134011','无棣四路57号-5-7');
INSERT INTO teacher(no,name,age,gender,phone,office) VALUES(200004,'司琦爱',45,'男','157058','沧口街95号-2-5');
INSERT INTO teacher(no,name,age,gender,phone,office) VALUES(200005,'朱义乐',37,'女','156081','昌乐街40号-15-9');
INSERT INTO teacher(no,name,age,gender,phone,office) VALUES(200006,'暨若生',53,'女','130082','海川路140号-6-1');
INSERT INTO teacher(no,name,age,gender,phone,office) VALUES(200007,'百勤',51,'女','158019','琴屿大厦59号-17-1');
INSERT INTO teacher(no,name,age,gender,phone,office) VALUES(200008,'宿兴山',28,'未知','155045','赵红广场47号-6-10');
INSERT INTO teacher(no,name,age,gender,phone,office) VALUES(200009,'粱琛进',31,'女','130001','夏津大厦134号-20-7');
INSERT INTO teacher(no,name,age,gender,phone,office) VALUES(200010,'轩鹏辉',27,'女','156032','莱芜一广场31号-3-5');
INSERT INTO teacher(no,name,age,gender,phone,office) VALUES(200011,'公竹',42,'未知','130006','湛山一街83号-4-10');
INSERT INTO teacher(no,name,age,gender,phone,office) VALUES(200012,'辕毓竹',32,'男','158039','广东广场87号-6-3');
INSERT INTO teacher(no,name,age,gender,phone,office) VALUES(200013,'丘致',40,'男','157067','明水路123号-1-3');
INSERT INTO teacher(no,name,age,gender,phone,office) VALUES(200014,'有玉宁',49,'未知','150043','莱芜二路121号-1-9');
INSERT INTO teacher(no,name,age,gender,phone,office) VALUES(200015,'潘香惠',39,'男','157073','崇阳街36号-18-6');
INSERT INTO teacher(no,name,age,gender,phone,office) VALUES(200016,'班霞',44,'女','139012','市场三街13号-16-1');
INSERT INTO teacher(no,name,age,gender,phone,office) VALUES(200017,'濮达',26,'女','138018','济阳路46号-6-7');
INSERT INTO teacher(no,name,age,gender,phone,office) VALUES(200018,'米美',34,'女','131041','天台一广场50号-13-7');
INSERT INTO teacher(no,name,age,gender,phone,office) VALUES(200019,'徐军',33,'女','155076','道口路147号-4-8');
INSERT INTO teacher(no,name,age,gender,phone,office) VALUES(200020,'公茗筠',40,'未知','151040','威海广场139号-3-3');
INSERT INTO teacher(no,name,age,gender,phone,office) VALUES(200021,'鲜和强',29,'女','139033','台东东七广场64号-14-2');
INSERT INTO teacher(no,name,age,gender,phone,office) VALUES(200022,'桂园',37,'男','139062','嫩江广场59号-9-6');
INSERT INTO teacher(no,name,age,gender,phone,office) VALUES(200023,'解善',34,'男','152044','宁国二路147号-10-6');
INSERT INTO teacher(no,name,age,gender,phone,office) VALUES(200024,'淳和炎',54,'男','152027','枣庄广场149号-16-3');
INSERT INTO teacher(no,name,age,gender,phone,office) VALUES(200025,'逯佳',49,'男','155043','十梅庵街103号-5-2');
INSERT INTO teacher(no,name,age,gender,phone,office) VALUES(200026,'王健',55,'女','138009','德平广场130号-3-1');
INSERT INTO teacher(no,name,age,gender,phone,office) VALUES(200027,'鲍纨芝',40,'未知','135003','雒口大厦12号-5-1');
INSERT INTO teacher(no,name,age,gender,phone,office) VALUES(200028,'郏爱',28,'男','138076','闽江二广场147号-15-10');
INSERT INTO teacher(no,name,age,gender,phone,office) VALUES(200029,'柏贞惠',46,'未知','137082','泰山广场83号-11-6');
INSERT INTO teacher(no,name,age,gender,phone,office) VALUES(200030,'司淑琼',37,'女','133087','大港四街54号-17-10');
INSERT INTO teacher(no,name,age,gender,phone,office) VALUES(200031,'羊健贵',38,'未知','133017','寿光广场66号-8-3');
INSERT INTO teacher(no,name,age,gender,phone,office) VALUES(200032,'爱盛炎',28,'女','152002','恒台街61号-11-10');
INSERT INTO teacher(no,name,age,gender,phone,office) VALUES(200033,'王岩',41,'未知','139047','道口路16号-5-6');
INSERT INTO teacher(no,name,age,gender,phone,office) VALUES(200034,'帅竹',26,'未知','158071','市场三街52号-4-7');
INSERT INTO teacher(no,name,age,gender,phone,office) VALUES(200035,'苗思德',35,'女','133038','夏津大厦61号-1-10');
INSERT INTO teacher(no,name,age,gender,phone,office) VALUES(200036,'卫新仁',30,'男','158050','隆德广场124号-7-1');
INSERT INTO teacher(no,name,age,gender,phone,office) VALUES(200037,'岑珍',29,'男','156047','红山峡支路28号-9-3');
INSERT INTO teacher(no,name,age,gender,phone,office) VALUES(200038,'融华娟',49,'男','158021','港通路48号-3-10');
INSERT INTO teacher(no,name,age,gender,phone,office) VALUES(200039,'雍裕利',43,'女','135047','澄海二街38号-3-2');
INSERT INTO teacher(no,name,age,gender,phone,office) VALUES(200040,'钟娅',52,'男','136005','安城街18号-10-9');
INSERT INTO teacher(no,name,age,gender,phone,office) VALUES(200041,'隗馨婉',50,'男','131014','威海广场149号-17-5');
INSERT INTO teacher(no,name,age,gender,phone,office) VALUES(200042,'段毅',53,'男','139030','威海广场69号-3-8');
INSERT INTO teacher(no,name,age,gender,phone,office) VALUES(200043,'甘文',38,'未知','133066','芙蓉路87号-2-2');
INSERT INTO teacher(no,name,age,gender,phone,office) VALUES(200044,'闻明',32,'未知','131000','宁国路117号-1-1');
INSERT INTO teacher(no,name,age,gender,phone,office) VALUES(200045,'查广',37,'未知','151085','四平支路84号-14-9');
INSERT INTO teacher(no,name,age,gender,phone,office) VALUES(200046,'时韵',41,'男','138079','瑞云街21号-14-8');
INSERT INTO teacher(no,name,age,gender,phone,office) VALUES(200047,'牛明仁',32,'未知','134018','泗水大厦123号-18-1');
INSERT INTO teacher(no,name,age,gender,phone,office) VALUES(200048,'太辰',34,'未知','157031','德县路123号-2-7');
INSERT INTO teacher(no,name,age,gender,phone,office) VALUES(200049,'五洁',45,'女','155032','沈阳街15号-1-6');
INSERT INTO teacher(no,name,age,gender,phone,office) VALUES(200050,'周明建',50,'未知','159023','武城广场14号-8-1');
INSERT INTO student(no,name,age,gender,phone,classname,apartment) VALUES(300001,'夏树',23,'男','131082','138054','临邑路145号-15-10');
INSERT INTO student(no,name,age,gender,phone,classname,apartment) VALUES(300002,'舒环咏',25,'女','134034','153027','虹桥广场130号-7-6');
INSERT INTO student(no,name,age,gender,phone,classname,apartment) VALUES(300003,'阚力保',22,'未知','151080','156026','大沽街122号-7-10');
INSERT INTO student(no,name,age,gender,phone,classname,apartment) VALUES(300004,'敖全致',17,'未知','131088','139005','芝罘路71号-12-3');
INSERT INTO student(no,name,age,gender,phone,classname,apartment) VALUES(300005,'吕彪',25,'未知','136011','134042','恩县广场63号-5-5');
INSERT INTO student(no,name,age,gender,phone,classname,apartment) VALUES(300006,'甫和',23,'男','138063','155002','民航街36号-16-2');
INSERT INTO student(no,name,age,gender,phone,classname,apartment) VALUES(300007,'台栋',25,'女','155015','151050','贮水山支街94号-17-9');
INSERT INTO student(no,name,age,gender,phone,classname,apartment) VALUES(300008,'五瑗香',24,'男','153045','134006','台西纬二路86号-12-7');
INSERT INTO student(no,name,age,gender,phone,classname,apartment) VALUES(300009,'茹卿晶',24,'男','137043','150030','宁国四街14号-6-4');
INSERT INTO student(no,name,age,gender,phone,classname,apartment) VALUES(300010,'安言若',17,'男','155018','133057','扬州街117号-19-9');
INSERT INTO student(no,name,age,gender,phone,classname,apartment) VALUES(300011,'舒杰',17,'男','150000','151034','泰城街77号-14-8');
INSERT INTO student(no,name,age,gender,phone,classname,apartment) VALUES(300012,'空婉',21,'女','151041','155085','三门峡路92号-8-5');
INSERT INTO student(no,name,age,gender,phone,classname,apartment) VALUES(300013,'宣航',22,'男','155009','139048','岳阳路27号-1-3');
INSERT INTO student(no,name,age,gender,phone,classname,apartment) VALUES(300014,'池博敬',20,'女','156025','136023','江南大厦72号-3-10');
INSERT INTO student(no,name,age,gender,phone,classname,apartment) VALUES(300015,'姜义宏',22,'女','158040','152009','汶上大厦40号-18-4');
INSERT INTO student(no,name,age,gender,phone,classname,apartment) VALUES(300016,'冉先哲',17,'女','159049','158068','贮水山大厦72号-9-3');
INSERT INTO student(no,name,age,gender,phone,classname,apartment) VALUES(300017,'蔺雄松',18,'未知','155074','133049','高田广场94号-4-9');
INSERT INTO student(no,name,age,gender,phone,classname,apartment) VALUES(300018,'费鹏',24,'女','138010','153050','平定路65号-6-4');
INSERT INTO student(no,name,age,gender,phone,classname,apartment) VALUES(300019,'利妍慧',16,'女','151026','158024','港青街107号-12-2');
INSERT INTO student(no,name,age,gender,phone,classname,apartment) VALUES(300020,'甘启河',25,'女','155011','159040','顺城路79号-11-2');
INSERT INTO student(no,name,age,gender,phone,classname,apartment) VALUES(300021,'晏子',17,'未知','150020','130063','观音峡广场40号-7-1');
INSERT INTO student(no,name,age,gender,phone,classname,apartment) VALUES(300022,'江琛',22,'未知','133043','132071','流亭立交桥49号-12-6');
INSERT INTO student(no,name,age,gender,phone,classname,apartment) VALUES(300023,'邴黛娅',24,'男','131034','158081','瞿塘峡街35号-13-8');
INSERT INTO student(no,name,age,gender,phone,classname,apartment) VALUES(300024,'佴姣素',17,'女','138084','136030','安城街115号-14-10');
INSERT INTO student(no,name,age,gender,phone,classname,apartment) VALUES(300025,'公彪',24,'未知','156070','139068','掖县路62号-6-9');
INSERT INTO student(no,name,age,gender,phone,classname,apartment) VALUES(300026,'殳义',21,'女','137026','159013','高苑大厦110号-11-4');
INSERT INTO student(no,name,age,gender,phone,classname,apartment) VALUES(300027,'何峰旭',17,'未知','137032','158023','澄海二街73号-8-6');
INSERT INTO student(no,name,age,gender,phone,classname,apartment) VALUES(300028,'刁滢',20,'未知','135077','137072','台东东七广场128号-3-3');
INSERT INTO student(no,name,age,gender,phone,classname,apartment) VALUES(300029,'汝燕',21,'女','137072','133042','台西纬四街63号-16-6');
INSERT INTO student(no,name,age,gender,phone,classname,apartment) VALUES(300030,'哈锦',17,'未知','131015','131043','东平街80号-13-7');
INSERT INTO student(no,name,age,gender,phone,classname,apartment) VALUES(300031,'上子保',24,'男','139082','136019','高密路117号-15-7');
INSERT INTO student(no,name,age,gender,phone,classname,apartment) VALUES(300032,'柯星',18,'男','134043','153023','丽水街91号-17-1');
INSERT INTO student(no,name,age,gender,phone,classname,apartment) VALUES(300033,'柳利会',19,'女','132062','135057','济阳路111号-18-7');
INSERT INTO student(no,name,age,gender,phone,classname,apartment) VALUES(300034,'钭泰子',17,'男','137061','130078','博山大厦81号-13-5');
INSERT INTO student(no,name,age,gender,phone,classname,apartment) VALUES(300035,'瞿秋',18,'未知','137037','155055','市场一路41号-19-3');
INSERT INTO student(no,name,age,gender,phone,classname,apartment) VALUES(300036,'卓政彪',16,'男','132037','131053','高田广场19号-3-3');
INSERT INTO student(no,name,age,gender,phone,classname,apartment) VALUES(300037,'廖丽瑾',21,'未知','155080','136055','吴兴一广场28号-12-4');
INSERT INTO student(no,name,age,gender,phone,classname,apartment) VALUES(300038,'狄旭',23,'女','132080','136040','大沽街47号-14-9');
INSERT INTO student(no,name,age,gender,phone,classname,apartment) VALUES(300039,'宓策',19,'未知','158052','134009','瑞云街109号-17-4');
INSERT INTO student(no,name,age,gender,phone,classname,apartment) VALUES(300040,'韶冠林',21,'未知','157051','150017','张店大厦35号-11-6');
INSERT INTO student(no,name,age,gender,phone,classname,apartment) VALUES(300041,'漆真霭',25,'男','130042','138058','新湛路126号-15-2');
INSERT INTO student(no,name,age,gender,phone,classname,apartment) VALUES(300042,'宰榕亮',22,'未知','157048','159036','澳门五路71号-19-4');
INSERT INTO student(no,name,age,gender,phone,classname,apartment) VALUES(300043,'离之辰',24,'男','157076','130086','昆明路113号-13-2');
INSERT INTO student(no,name,age,gender,phone,classname,apartment) VALUES(300044,'公娥韵',19,'女','153005','132011','山西广场42号-13-2');
INSERT INTO student(no,name,age,gender,phone,classname,apartment) VALUES(300045,'白楠',24,'未知','136060','157065','龙羊峡路54号-7-9');
INSERT INTO student(no,name,age,gender,phone,classname,apartment) VALUES(300046,'岑天磊',21,'未知','151070','131056','雒口大厦22号-20-7');
INSERT INTO student(no,name,age,gender,phone,classname,apartment) VALUES(300047,'续胜时',20,'男','137065','153001','太平路21号-12-1');
INSERT INTO student(no,name,age,gender,phone,classname,apartment) VALUES(300048,'禄达昌',18,'未知','150088','139042','无棣三街89号-7-3');
INSERT INTO student(no,name,age,gender,phone,classname,apartment) VALUES(300049,'匡纯',21,'未知','153044','132068','晓望支街100号-6-6');
INSERT INTO student(no,name,age,gender,phone,classname,apartment) VALUES(300050,'台士',20,'男','134082','159042','无棣街77号-7-2');
INSERT INTO selected_course(no,cno,sno,state,score) VALUES(400001,100039,300042,1,51);
INSERT INTO selected_course(no,cno,sno,state,score) VALUES(400002,100033,300024,0,65);
INSERT INTO selected_course(no,cno,sno,state,score) VALUES(400003,100004,300033,1,57);
INSERT INTO selected_course(no,cno,sno,state,score) VALUES(400004,100008,300019,0,56);
INSERT INTO selected_course(no,cno,sno,state,score) VALUES(400005,100004,300042,1,85);
INSERT INTO selected_course(no,cno,sno,state,score) VALUES(400006,100027,300006,1,76);
INSERT INTO selected_course(no,cno,sno,state,score) VALUES(400007,100002,300016,1,62);
INSERT INTO selected_course(no,cno,sno,state,score) VALUES(400008,100050,300036,0,67);
INSERT INTO selected_course(no,cno,sno,state,score) VALUES(400009,100039,300031,1,59);
INSERT INTO selected_course(no,cno,sno,state,score) VALUES(400010,100019,300013,0,60);
INSERT INTO selected_course(no,cno,sno,state,score) VALUES(400011,100026,300004,1,67);
INSERT INTO selected_course(no,cno,sno,state,score) VALUES(400012,100039,300003,1,98);
INSERT INTO selected_course(no,cno,sno,state,score) VALUES(400013,100008,300043,1,69);
INSERT INTO selected_course(no,cno,sno,state,score) VALUES(400014,100027,300016,1,51);
INSERT INTO selected_course(no,cno,sno,state,score) VALUES(400015,100001,300004,1,89);
INSERT INTO selected_course(no,cno,sno,state,score) VALUES(400016,100010,300030,1,77);
INSERT INTO selected_course(no,cno,sno,state,score) VALUES(400017,100024,300038,0,51);
INSERT INTO selected_course(no,cno,sno,state,score) VALUES(400018,100017,300024,1,70);
INSERT INTO selected_course(no,cno,sno,state,score) VALUES(400019,100050,300014,0,78);
INSERT INTO selected_course(no,cno,sno,state,score) VALUES(400020,100033,300009,0,65);
INSERT INTO selected_course(no,cno,sno,state,score) VALUES(400021,100009,300026,1,77);
INSERT INTO selected_course(no,cno,sno,state,score) VALUES(400022,100021,300018,1,68);
INSERT INTO selected_course(no,cno,sno,state,score) VALUES(400023,100010,300003,0,57);
INSERT INTO selected_course(no,cno,sno,state,score) VALUES(400024,100019,300019,0,61);
INSERT INTO selected_course(no,cno,sno,state,score) VALUES(400025,100032,300038,0,72);
INSERT INTO selected_course(no,cno,sno,state,score) VALUES(400026,100027,300010,1,70);
INSERT INTO selected_course(no,cno,sno,state,score) VALUES(400027,100027,300044,0,95);
INSERT INTO selected_course(no,cno,sno,state,score) VALUES(400028,100020,300007,1,70);
INSERT INTO selected_course(no,cno,sno,state,score) VALUES(400029,100008,300039,0,88);
INSERT INTO selected_course(no,cno,sno,state,score) VALUES(400030,100050,300033,1,98);
INSERT INTO selected_course(no,cno,sno,state,score) VALUES(400031,100038,300005,0,59);
INSERT INTO selected_course(no,cno,sno,state,score) VALUES(400032,100011,300025,0,65);
INSERT INTO selected_course(no,cno,sno,state,score) VALUES(400033,100030,300040,0,94);
INSERT INTO selected_course(no,cno,sno,state,score) VALUES(400034,100028,300002,1,60);
INSERT INTO selected_course(no,cno,sno,state,score) VALUES(400035,100033,300047,1,79);
INSERT INTO selected_course(no,cno,sno,state,score) VALUES(400036,100016,300041,0,73);
INSERT INTO selected_course(no,cno,sno,state,score) VALUES(400037,100002,300010,0,69);
INSERT INTO selected_course(no,cno,sno,state,score) VALUES(400038,100042,300011,0,54);
INSERT INTO selected_course(no,cno,sno,state,score) VALUES(400039,100044,300039,1,98);
INSERT INTO selected_course(no,cno,sno,state,score) VALUES(400040,100018,300007,0,96);
INSERT INTO selected_course(no,cno,sno,state,score) VALUES(400041,100012,300027,0,72);
INSERT INTO selected_course(no,cno,sno,state,score) VALUES(400042,100013,300047,0,95);
INSERT INTO selected_course(no,cno,sno,state,score) VALUES(400043,100027,300018,0,94);
INSERT INTO selected_course(no,cno,sno,state,score) VALUES(400044,100011,300001,0,55);
INSERT INTO selected_course(no,cno,sno,state,score) VALUES(400045,100007,300027,1,57);
INSERT INTO selected_course(no,cno,sno,state,score) VALUES(400046,100024,300045,1,54);
INSERT INTO selected_course(no,cno,sno,state,score) VALUES(400047,100018,300029,1,68);
INSERT INTO selected_course(no,cno,sno,state,score) VALUES(400048,100041,300024,0,74);
INSERT INTO selected_course(no,cno,sno,state,score) VALUES(400049,100002,300006,0,64);
INSERT INTO selected_course(no,cno,sno,state,score) VALUES(400050,100020,300004,1,71);
INSERT INTO login(no,password,role) VALUES(300001,144,'STUDENT');
INSERT INTO login(no,password,role) VALUES(300002,186,'STUDENT');
INSERT INTO login(no,password,role) VALUES(300003,180,'STUDENT');
INSERT INTO login(no,password,role) VALUES(300004,140,'STUDENT');
INSERT INTO login(no,password,role) VALUES(300005,152,'STUDENT');
INSERT INTO login(no,password,role) VALUES(300006,136,'STUDENT');
INSERT INTO login(no,password,role) VALUES(300007,143,'STUDENT');
INSERT INTO login(no,password,role) VALUES(300008,176,'STUDENT');
INSERT INTO login(no,password,role) VALUES(300009,191,'STUDENT');
INSERT INTO login(no,password,role) VALUES(300010,122,'STUDENT');
INSERT INTO login(no,password,role) VALUES(300011,151,'STUDENT');
INSERT INTO login(no,password,role) VALUES(300012,124,'STUDENT');
INSERT INTO login(no,password,role) VALUES(300013,168,'STUDENT');
INSERT INTO login(no,password,role) VALUES(300014,198,'STUDENT');
INSERT INTO login(no,password,role) VALUES(300015,104,'STUDENT');
INSERT INTO login(no,password,role) VALUES(300016,172,'STUDENT');
INSERT INTO login(no,password,role) VALUES(300017,176,'STUDENT');
INSERT INTO login(no,password,role) VALUES(300018,143,'STUDENT');
INSERT INTO login(no,password,role) VALUES(300019,183,'STUDENT');
INSERT INTO login(no,password,role) VALUES(300020,173,'STUDENT');
INSERT INTO login(no,password,role) VALUES(300021,168,'STUDENT');
INSERT INTO login(no,password,role) VALUES(300022,199,'STUDENT');
INSERT INTO login(no,password,role) VALUES(300023,159,'STUDENT');
INSERT INTO login(no,password,role) VALUES(300024,174,'STUDENT');
INSERT INTO login(no,password,role) VALUES(300025,140,'STUDENT');
INSERT INTO login(no,password,role) VALUES(300026,153,'STUDENT');
INSERT INTO login(no,password,role) VALUES(300027,119,'STUDENT');
INSERT INTO login(no,password,role) VALUES(300028,120,'STUDENT');
INSERT INTO login(no,password,role) VALUES(300029,170,'STUDENT');
INSERT INTO login(no,password,role) VALUES(300030,107,'STUDENT');
INSERT INTO login(no,password,role) VALUES(300031,196,'STUDENT');
INSERT INTO login(no,password,role) VALUES(300032,157,'STUDENT');
INSERT INTO login(no,password,role) VALUES(300033,131,'STUDENT');
INSERT INTO login(no,password,role) VALUES(300034,104,'STUDENT');
INSERT INTO login(no,password,role) VALUES(300035,166,'STUDENT');
INSERT INTO login(no,password,role) VALUES(300036,134,'STUDENT');
INSERT INTO login(no,password,role) VALUES(300037,150,'STUDENT');
INSERT INTO login(no,password,role) VALUES(300038,115,'STUDENT');
INSERT INTO login(no,password,role) VALUES(300039,163,'STUDENT');
INSERT INTO login(no,password,role) VALUES(300040,168,'STUDENT');
INSERT INTO login(no,password,role) VALUES(300041,187,'STUDENT');
INSERT INTO login(no,password,role) VALUES(300042,135,'STUDENT');
INSERT INTO login(no,password,role) VALUES(300043,102,'STUDENT');
INSERT INTO login(no,password,role) VALUES(300044,153,'STUDENT');
INSERT INTO login(no,password,role) VALUES(300045,117,'STUDENT');
INSERT INTO login(no,password,role) VALUES(300046,104,'STUDENT');
INSERT INTO login(no,password,role) VALUES(300047,139,'STUDENT');
INSERT INTO login(no,password,role) VALUES(300048,186,'STUDENT');
INSERT INTO login(no,password,role) VALUES(300049,171,'STUDENT');
INSERT INTO login(no,password,role) VALUES(300050,143,'STUDENT');
INSERT INTO login(no,password,role) VALUES(200001,114,'TEACHER');
INSERT INTO login(no,password,role) VALUES(200002,111,'TEACHER');
INSERT INTO login(no,password,role) VALUES(200003,109,'TEACHER');
INSERT INTO login(no,password,role) VALUES(200004,117,'TEACHER');
INSERT INTO login(no,password,role) VALUES(200005,138,'TEACHER');
INSERT INTO login(no,password,role) VALUES(200006,141,'TEACHER');
INSERT INTO login(no,password,role) VALUES(200007,125,'TEACHER');
INSERT INTO login(no,password,role) VALUES(200008,106,'TEACHER');
INSERT INTO login(no,password,role) VALUES(200009,109,'TEACHER');
INSERT INTO login(no,password,role) VALUES(200010,150,'TEACHER');
INSERT INTO login(no,password,role) VALUES(200011,108,'TEACHER');
INSERT INTO login(no,password,role) VALUES(200012,142,'TEACHER');
INSERT INTO login(no,password,role) VALUES(200013,119,'TEACHER');
INSERT INTO login(no,password,role) VALUES(200014,125,'TEACHER');
INSERT INTO login(no,password,role) VALUES(200015,175,'TEACHER');
INSERT INTO login(no,password,role) VALUES(200016,167,'TEACHER');
INSERT INTO login(no,password,role) VALUES(200017,107,'TEACHER');
INSERT INTO login(no,password,role) VALUES(200018,134,'TEACHER');
INSERT INTO login(no,password,role) VALUES(200019,189,'TEACHER');
INSERT INTO login(no,password,role) VALUES(200020,169,'TEACHER');
INSERT INTO login(no,password,role) VALUES(200021,107,'TEACHER');
INSERT INTO login(no,password,role) VALUES(200022,191,'TEACHER');
INSERT INTO login(no,password,role) VALUES(200023,182,'TEACHER');
INSERT INTO login(no,password,role) VALUES(200024,185,'TEACHER');
INSERT INTO login(no,password,role) VALUES(200025,184,'TEACHER');
INSERT INTO login(no,password,role) VALUES(200026,106,'TEACHER');
INSERT INTO login(no,password,role) VALUES(200027,142,'TEACHER');
INSERT INTO login(no,password,role) VALUES(200028,192,'TEACHER');
INSERT INTO login(no,password,role) VALUES(200029,140,'TEACHER');
INSERT INTO login(no,password,role) VALUES(200030,135,'TEACHER');
INSERT INTO login(no,password,role) VALUES(200031,130,'TEACHER');
INSERT INTO login(no,password,role) VALUES(200032,177,'TEACHER');
INSERT INTO login(no,password,role) VALUES(200033,172,'TEACHER');
INSERT INTO login(no,password,role) VALUES(200034,142,'TEACHER');
INSERT INTO login(no,password,role) VALUES(200035,132,'TEACHER');
INSERT INTO login(no,password,role) VALUES(200036,130,'TEACHER');
INSERT INTO login(no,password,role) VALUES(200037,101,'TEACHER');
INSERT INTO login(no,password,role) VALUES(200038,174,'TEACHER');
INSERT INTO login(no,password,role) VALUES(200039,188,'TEACHER');
INSERT INTO login(no,password,role) VALUES(200040,111,'TEACHER');
INSERT INTO login(no,password,role) VALUES(200041,184,'TEACHER');
INSERT INTO login(no,password,role) VALUES(200042,111,'TEACHER');
INSERT INTO login(no,password,role) VALUES(200043,112,'TEACHER');
INSERT INTO login(no,password,role) VALUES(200044,117,'TEACHER');
INSERT INTO login(no,password,role) VALUES(200045,198,'TEACHER');
INSERT INTO login(no,password,role) VALUES(200046,102,'TEACHER');
INSERT INTO login(no,password,role) VALUES(200047,111,'TEACHER');
INSERT INTO login(no,password,role) VALUES(200048,141,'TEACHER');
INSERT INTO login(no,password,role) VALUES(200049,152,'TEACHER');
INSERT INTO login(no,password,role) VALUES(200050,129,'TEACHER');
INSERT INTO login(no,password,role) VALUES(123,123,'JWC');
INSERT INTO login(no,password,role) VALUES(321,321,'JF');
